Code Domaine,Domaine,Code zone (M49),Zone,Code Élément,Élément,Code Produit,Produit,Code année,Année,Unité,Valeur,Symbole,Description du Symbole,Note
"OA","Séries temporelles annuelles","250","France","511","Population totale","3010","Population-Estimations","1950","1950","1000 No","41883.119","X","Chiffre de source externe",""
"OA","Séries temporelles annuelles","250","France","551","Population rurale","3010","Population-Estimations","1950","1950","1000 No","18748.739","X","Chiffre de source externe",""
"OA","Séries temporelles annuelles","250","France","561","Population urbaine","3010","Population-Estimations","1950","1950","1000 No","23130.866","X","Chiffre de source externe",""
"OA","Séries temporelles annuelles","250","France","511","Population totale","3010","Population-Estimations","1951","1951","1000 No","42333.662","X","Chiffre de source externe",""
"OA","Séries temporelles annuelles","250","France","551","Population rurale","3010","Population-Estimations","1951","1951","1000 No","18607.969","X","Chiffre de source externe",""
"OA","Séries temporelles annuelles","250","France","561","Population urbaine","3010","Population-Estimations","1951","1951","1000 No","23462.95","X","Chiffre de source externe",""
"OA","Séries temporelles annuelles","250","France","511","Population totale","3010","Population-Estimations","1952","1952","1000 No","42780.273","X","Chiffre de source externe",""
"OA","Séries temporelles annuelles","250","France","551","Population rurale","3010","Population-Estimations","1952","1952","1000 No","18510.554","X","Chiffre de source externe",""
"OA","Séries temporelles annuelles","250","France","561","Population urbaine","3010","Population-Estimations","1952","1952","1000 No","23855.025","X","Chiffre de source externe",""
"OA","Séries temporelles annuelles","250","France","511","Population totale","3010","Population-Estimations","1953","1953","1000 No","43227.88","X","Chiffre de source externe",""
"OA","Séries temporelles annuelles","250","France","551","Population rurale","3010","Population-Estimations","1953","1953","1000 No","18438.843","X","Chiffre de source externe",""
"OA","Séries temporelles annuelles","250","France","561","Population urbaine","3010","Population-Estimations","1953","1953","1000 No","24285.38","X","Chiffre de source externe",""
"OA","Séries temporelles annuelles","250","France","511","Population totale","3010","Population-Estimations","1954","1954","1000 No","43676.898","X","Chiffre de source externe",""
"OA","Séries temporelles annuelles","250","France","551","Population rurale","3010","Population-Estimations","1954","1954","1000 No","18364.773","X","Chiffre de source externe",""
"OA","Séries temporelles annuelles","250","France","561","Population urbaine","3010","Population-Estimations","1954","1954","1000 No","24753.073","X","Chiffre de source externe",""
"OA","Séries temporelles annuelles","250","France","511","Population totale","3010","Population-Estimations","1955","1955","1000 No","44136.09","X","Chiffre de source externe",""
"OA","Séries temporelles annuelles","250","France","551","Population rurale","3010","Population-Estimations","1955","1955","1000 No","18210.424","X","Chiffre de source externe",""
"OA","Séries temporelles annuelles","250","France","561","Population urbaine","3010","Population-Estimations","1955","1955","1000 No","25317.338","X","Chiffre de source externe",""
"OA","Séries temporelles annuelles","250","France","511","Population totale","3010","Population-Estimations","1956","1956","1000 No","44588.519","X","Chiffre de source externe",""
"OA","Séries temporelles annuelles","250","France","551","Population rurale","3010","Population-Estimations","1956","1956","1000 No","18054.607","X","Chiffre de source externe",""
"OA","Séries temporelles annuelles","250","France","561","Population urbaine","3010","Population-Estimations","1956","1956","1000 No","25891.605","X","Chiffre de source externe",""
"OA","Séries temporelles annuelles","250","France","511","Population totale","3010","Population-Estimations","1957","1957","1000 No","45036.376","X","Chiffre de source externe",""
"OA","Séries temporelles annuelles","250","France","551","Population rurale","3010","Population-Estimations","1957","1957","1000 No","17899.709","X","Chiffre de source externe",""
"OA","Séries temporelles annuelles","250","France","561","Population urbaine","3010","Population-Estimations","1957","1957","1000 No","26476.026","X","Chiffre de source externe",""
"OA","Séries temporelles annuelles","250","France","511","Population totale","3010","Population-Estimations","1958","1958","1000 No","45493.498","X","Chiffre de source externe",""
"OA","Séries temporelles annuelles","250","France","551","Population rurale","3010","Population-Estimations","1958","1958","1000 No","17748.784","X","Chiffre de source externe",""
"OA","Séries temporelles annuelles","250","France","561","Population urbaine","3010","Population-Estimations","1958","1958","1000 No","27078.826","X","Chiffre de source externe",""
"OA","Séries temporelles annuelles","250","France","511","Population totale","3010","Population-Estimations","1959","1959","1000 No","45963.763","X","Chiffre de source externe",""
"OA","Séries temporelles annuelles","250","France","551","Population rurale","3010","Population-Estimations","1959","1959","1000 No","17608.7","X","Chiffre de source externe",""
"OA","Séries temporelles annuelles","250","France","561","Population urbaine","3010","Population-Estimations","1959","1959","1000 No","27710.41","X","Chiffre de source externe",""
"OA","Séries temporelles annuelles","250","France","511","Population totale","3010","Population-Estimations","1960","1960","1000 No","46428.134","X","Chiffre de source externe",""
"OA","Séries temporelles annuelles","250","France","551","Population rurale","3010","Population-Estimations","1960","1960","1000 No","17484.108","X","Chiffre de source externe",""
"OA","Séries temporelles annuelles","250","France","561","Population urbaine","3010","Population-Estimations","1960","1960","1000 No","28381.288","X","Chiffre de source externe",""
"OA","Séries temporelles annuelles","250","France","511","Population totale","3010","Population-Estimations","1961","1961","1000 No","46893.835","X","Chiffre de source externe",""
"OA","Séries temporelles annuelles","250","France","551","Population rurale","3010","Population-Estimations","1961","1961","1000 No","17377.038","X","Chiffre de source externe",""
"OA","Séries temporelles annuelles","250","France","561","Population urbaine","3010","Population-Estimations","1961","1961","1000 No","29093.786","X","Chiffre de source externe",""
"OA","Séries temporelles annuelles","250","France","511","Population totale","3010","Population-Estimations","1962","1962","1000 No","47352.622","X","Chiffre de source externe",""
"OA","Séries temporelles annuelles","250","France","551","Population rurale","3010","Population-Estimations","1962","1962","1000 No","17204.379","X","Chiffre de source externe",""
"OA","Séries temporelles annuelles","250","France","561","Population urbaine","3010","Population-Estimations","1962","1962","1000 No","29917.003","X","Chiffre de source externe",""
"OA","Séries temporelles annuelles","250","France","511","Population totale","3010","Population-Estimations","1963","1963","1000 No","47817.824","X","Chiffre de source externe",""
"OA","Séries temporelles annuelles","250","France","551","Population rurale","3010","Population-Estimations","1963","1963","1000 No","16865.726","X","Chiffre de source externe",""
"OA","Séries temporelles annuelles","250","France","561","Population urbaine","3010","Population-Estimations","1963","1963","1000 No","30915.676","X","Chiffre de source externe",""
"OA","Séries temporelles annuelles","250","France","511","Population totale","3010","Population-Estimations","1964","1964","1000 No","48319.087","X","Chiffre de source externe",""
"OA","Séries temporelles annuelles","250","France","551","Population rurale","3010","Population-Estimations","1964","1964","1000 No","16506.148","X","Chiffre de source externe",""
"OA","Séries temporelles annuelles","250","France","561","Population urbaine","3010","Population-Estimations","1964","1964","1000 No","31896.689","X","Chiffre de source externe",""
"OA","Séries temporelles annuelles","250","France","511","Population totale","3010","Population-Estimations","1965","1965","1000 No","48772.83","X","Chiffre de source externe",""
"OA","Séries temporelles annuelles","250","France","551","Population rurale","3010","Population-Estimations","1965","1965","1000 No","16119.321","X","Chiffre de source externe",""
"OA","Séries temporelles annuelles","250","France","561","Population urbaine","3010","Population-Estimations","1965","1965","1000 No","32832.934","X","Chiffre de source externe",""
"OA","Séries temporelles annuelles","250","France","511","Population totale","3010","Population-Estimations","1966","1966","1000 No","49184.656","X","Chiffre de source externe",""
"OA","Séries temporelles annuelles","250","France","551","Population rurale","3010","Population-Estimations","1966","1966","1000 No","15700.478","X","Chiffre de source externe",""
"OA","Séries temporelles annuelles","250","France","561","Population urbaine","3010","Population-Estimations","1966","1966","1000 No","33710.909","X","Chiffre de source externe",""
"OA","Séries temporelles annuelles","250","France","511","Population totale","3010","Population-Estimations","1967","1967","1000 No","49574.909","X","Chiffre de source externe",""
"OA","Séries temporelles annuelles","250","France","551","Population rurale","3010","Population-Estimations","1967","1967","1000 No","15257.908","X","Chiffre de source externe",""
"OA","Séries temporelles annuelles","250","France","561","Population urbaine","3010","Population-Estimations","1967","1967","1000 No","34534.027","X","Chiffre de source externe",""
"OA","Séries temporelles annuelles","250","France","511","Population totale","3010","Population-Estimations","1968","1968","1000 No","49947.251","X","Chiffre de source externe",""
"OA","Séries temporelles annuelles","250","France","551","Population rurale","3010","Population-Estimations","1968","1968","1000 No","14919.053","X","Chiffre de source externe",""
"OA","Séries temporelles annuelles","250","France","561","Population urbaine","3010","Population-Estimations","1968","1968","1000 No","35208.09","X","Chiffre de source externe",""
"OA","Séries temporelles annuelles","250","France","511","Population totale","3010","Population-Estimations","1969","1969","1000 No","50355.295","X","Chiffre de source externe",""
"OA","Séries temporelles annuelles","250","France","551","Population rurale","3010","Population-Estimations","1969","1969","1000 No","14813.127","X","Chiffre de source externe",""
"OA","Séries temporelles annuelles","250","France","561","Population urbaine","3010","Population-Estimations","1969","1969","1000 No","35653.267","X","Chiffre de source externe",""
"OA","Séries temporelles annuelles","250","France","511","Population totale","3010","Population-Estimations","1970","1970","1000 No","50813.075","X","Chiffre de source externe",""
"OA","Séries temporelles annuelles","250","France","551","Population rurale","3010","Population-Estimations","1970","1970","1000 No","14716.875","X","Chiffre de source externe",""
"OA","Séries temporelles annuelles","250","France","561","Population urbaine","3010","Population-Estimations","1970","1970","1000 No","36126.954","X","Chiffre de source externe",""
"OA","Séries temporelles annuelles","250","France","511","Population totale","3010","Population-Estimations","1971","1971","1000 No","51293.059","X","Chiffre de source externe",""
"OA","Séries temporelles annuelles","250","France","551","Population rurale","3010","Population-Estimations","1971","1971","1000 No","14634.174","X","Chiffre de source externe",""
"OA","Séries temporelles annuelles","250","France","561","Population urbaine","3010","Population-Estimations","1971","1971","1000 No","36639.296","X","Chiffre de source externe",""
"OA","Séries temporelles annuelles","250","France","511","Population totale","3010","Population-Estimations","1972","1972","1000 No","51743.874","X","Chiffre de source externe",""
"OA","Séries temporelles annuelles","250","France","551","Population rurale","3010","Population-Estimations","1972","1972","1000 No","14559.813","X","Chiffre de source externe",""
"OA","Séries temporelles annuelles","250","France","561","Population urbaine","3010","Population-Estimations","1972","1972","1000 No","37180.024","X","Chiffre de source externe",""
"OA","Séries temporelles annuelles","250","France","511","Population totale","3010","Population-Estimations","1973","1973","1000 No","52162.21","X","Chiffre de source externe",""
"OA","Séries temporelles annuelles","250","France","551","Population rurale","3010","Population-Estimations","1973","1973","1000 No","14485.774","X","Chiffre de source externe",""
"OA","Séries temporelles annuelles","250","France","561","Population urbaine","3010","Population-Estimations","1973","1973","1000 No","37726.54","X","Chiffre de source externe",""
"OA","Séries temporelles annuelles","250","France","511","Population totale","3010","Population-Estimations","1974","1974","1000 No","52504.738","X","Chiffre de source externe",""
"OA","Séries temporelles annuelles","250","France","551","Population rurale","3010","Population-Estimations","1974","1974","1000 No","14398.973","X","Chiffre de source externe",""
"OA","Séries temporelles annuelles","250","France","561","Population urbaine","3010","Population-Estimations","1974","1974","1000 No","38247.225","X","Chiffre de source externe",""
"OA","Séries temporelles annuelles","250","France","511","Population totale","3010","Population-Estimations","1975","1975","1000 No","52746.325","X","Chiffre de source externe",""
"OA","Séries temporelles annuelles","250","France","551","Population rurale","3010","Population-Estimations","1975","1975","1000 No","14352.306","X","Chiffre de source externe",""
"OA","Séries temporelles annuelles","250","France","561","Population urbaine","3010","Population-Estimations","1975","1975","1000 No","38658.424","X","Chiffre de source externe",""
"OA","Séries temporelles annuelles","250","France","511","Population totale","3010","Population-Estimations","1976","1976","1000 No","52959.113","X","Chiffre de source externe",""
"OA","Séries temporelles annuelles","250","France","551","Population rurale","3010","Population-Estimations","1976","1976","1000 No","14391.373","X","Chiffre de source externe",""
"OA","Séries temporelles annuelles","250","France","561","Population urbaine","3010","Population-Estimations","1976","1976","1000 No","38904.418","X","Chiffre de source externe",""
"OA","Séries temporelles annuelles","250","France","511","Population totale","3010","Population-Estimations","1977","1977","1000 No","53197.137","X","Chiffre de source externe",""
"OA","Séries temporelles annuelles","250","France","551","Population rurale","3010","Population-Estimations","1977","1977","1000 No","14412.793","X","Chiffre de source externe",""
"OA","Séries temporelles annuelles","250","France","561","Population urbaine","3010","Population-Estimations","1977","1977","1000 No","39103.42","X","Chiffre de source externe",""
"OA","Séries temporelles annuelles","250","France","511","Population totale","3010","Population-Estimations","1978","1978","1000 No","53429.668","X","Chiffre de source externe",""
"OA","Séries temporelles annuelles","250","France","551","Population rurale","3010","Population-Estimations","1978","1978","1000 No","14423.117","X","Chiffre de source externe",""
"OA","Séries temporelles annuelles","250","France","561","Population urbaine","3010","Population-Estimations","1978","1978","1000 No","39273.336","X","Chiffre de source externe",""
"OA","Séries temporelles annuelles","250","France","511","Population totale","3010","Population-Estimations","1979","1979","1000 No","53660.895","X","Chiffre de source externe",""
"OA","Séries temporelles annuelles","250","France","551","Population rurale","3010","Population-Estimations","1979","1979","1000 No","14432.11","X","Chiffre de source externe",""
"OA","Séries temporelles annuelles","250","France","561","Population urbaine","3010","Population-Estimations","1979","1979","1000 No","39440.334","X","Chiffre de source externe",""
"OA","Séries temporelles annuelles","250","France","511","Population totale","3010","Population-Estimations","1980","1980","1000 No","53941.061","X","Chiffre de source externe",""
"OA","Séries temporelles annuelles","250","France","551","Population rurale","3010","Population-Estimations","1980","1980","1000 No","14446.845","X","Chiffre de source externe",""
"OA","Séries temporelles annuelles","250","France","561","Population urbaine","3010","Population-Estimations","1980","1980","1000 No","39623.972","X","Chiffre de source externe",""
"OA","Séries temporelles annuelles","250","France","511","Population totale","3010","Population-Estimations","1981","1981","1000 No","54255.012","X","Chiffre de source externe",""
"OA","Séries temporelles annuelles","250","France","551","Population rurale","3010","Population-Estimations","1981","1981","1000 No","14469.159","X","Chiffre de source externe",""
"OA","Séries temporelles annuelles","250","France","561","Population urbaine","3010","Population-Estimations","1981","1981","1000 No","39828.886","X","Chiffre de source externe",""
"OA","Séries temporelles annuelles","250","France","511","Population totale","3010","Population-Estimations","1982","1982","1000 No","54582.408","X","Chiffre de source externe",""
"OA","Séries temporelles annuelles","250","France","551","Population rurale","3010","Population-Estimations","1982","1982","1000 No","14496.258","X","Chiffre de source externe",""
"OA","Séries temporelles annuelles","250","France","561","Population urbaine","3010","Population-Estimations","1982","1982","1000 No","40051.43","X","Chiffre de source externe",""
"OA","Séries temporelles annuelles","250","France","511","Population totale","3010","Population-Estimations","1983","1983","1000 No","54889.408","X","Chiffre de source externe",""
"OA","Séries temporelles annuelles","250","France","551","Population rurale","3010","Population-Estimations","1983","1983","1000 No","14526.711","X","Chiffre de source externe",""
"OA","Séries temporelles annuelles","250","France","561","Population urbaine","3010","Population-Estimations","1983","1983","1000 No","40291.121","X","Chiffre de source externe",""
"OA","Séries temporelles annuelles","250","France","511","Population totale","3010","Population-Estimations","1984","1984","1000 No","55176.619","X","Chiffre de source externe",""
"OA","Séries temporelles annuelles","250","France","551","Population rurale","3010","Population-Estimations","1984","1984","1000 No","14560.678","X","Chiffre de source externe",""
"OA","Séries temporelles annuelles","250","France","561","Population urbaine","3010","Population-Estimations","1984","1984","1000 No","40542.065","X","Chiffre de source externe",""
"OA","Séries temporelles annuelles","250","France","511","Population totale","3010","Population-Estimations","1985","1985","1000 No","55467.15","X","Chiffre de source externe",""
"OA","Séries temporelles annuelles","250","France","551","Population rurale","3010","Population-Estimations","1985","1985","1000 No","14596.995","X","Chiffre de source externe",""
"OA","Séries temporelles annuelles","250","France","561","Population urbaine","3010","Population-Estimations","1985","1985","1000 No","40800.487","X","Chiffre de source externe",""
"OA","Séries temporelles annuelles","250","France","511","Population totale","3010","Population-Estimations","1986","1986","1000 No","55752.834","X","Chiffre de source externe",""
"OA","Séries temporelles annuelles","250","France","551","Population rurale","3010","Population-Estimations","1986","1986","1000 No","14636.114","X","Chiffre de source externe",""
"OA","Séries temporelles annuelles","250","France","561","Population urbaine","3010","Population-Estimations","1986","1986","1000 No","41068.38","X","Chiffre de source externe",""
"OA","Séries temporelles annuelles","250","France","511","Population totale","3010","Population-Estimations","1987","1987","1000 No","56048.364","X","Chiffre de source externe",""
"OA","Séries temporelles annuelles","250","France","551","Population rurale","3010","Population-Estimations","1987","1987","1000 No","14678.255","X","Chiffre de source externe",""
"OA","Séries temporelles annuelles","250","France","561","Population urbaine","3010","Population-Estimations","1987","1987","1000 No","41346.253","X","Chiffre de source externe",""
"OA","Séries temporelles annuelles","250","France","511","Population totale","3010","Population-Estimations","1988","1988","1000 No","56361.849","X","Chiffre de source externe",""
"OA","Séries temporelles annuelles","250","France","551","Population rurale","3010","Population-Estimations","1988","1988","1000 No","14720.902","X","Chiffre de source externe",""
"OA","Séries temporelles annuelles","250","France","561","Population urbaine","3010","Population-Estimations","1988","1988","1000 No","41627.312","X","Chiffre de source externe",""
"OA","Séries temporelles annuelles","250","France","511","Population totale","3010","Population-Estimations","1989","1989","1000 No","56685.082","X","Chiffre de source externe",""
"OA","Séries temporelles annuelles","250","France","551","Population rurale","3010","Population-Estimations","1989","1989","1000 No","14760.988","X","Chiffre de source externe",""
"OA","Séries temporelles annuelles","250","France","561","Population urbaine","3010","Population-Estimations","1989","1989","1000 No","41902.216","X","Chiffre de source externe",""
"OA","Séries temporelles annuelles","250","France","511","Population totale","3010","Population-Estimations","1990","1990","1000 No","56990.238","X","Chiffre de source externe",""
"OA","Séries temporelles annuelles","250","France","551","Population rurale","3010","Population-Estimations","1990","1990","1000 No","14777.908","X","Chiffre de source externe",""
"OA","Séries temporelles annuelles","250","France","561","Population urbaine","3010","Population-Estimations","1990","1990","1000 No","42182.927","X","Chiffre de source externe",""
"OA","Séries temporelles annuelles","250","France","511","Population totale","3010","Population-Estimations","1991","1991","1000 No","57271.565","X","Chiffre de source externe",""
"OA","Séries temporelles annuelles","250","France","551","Population rurale","3010","Population-Estimations","1991","1991","1000 No","14750.84","X","Chiffre de source externe",""
"OA","Séries temporelles annuelles","250","France","561","Population urbaine","3010","Population-Estimations","1991","1991","1000 No","42486.862","X","Chiffre de source externe",""
"OA","Séries temporelles annuelles","250","France","511","Population totale","3010","Population-Estimations","1992","1992","1000 No","57554.87","X","Chiffre de source externe",""
"OA","Séries temporelles annuelles","250","France","551","Population rurale","3010","Population-Estimations","1992","1992","1000 No","14718.609","X","Chiffre de source externe",""
"OA","Séries temporelles annuelles","250","France","561","Population urbaine","3010","Population-Estimations","1992","1992","1000 No","42778.365","X","Chiffre de source externe",""
"OA","Séries temporelles annuelles","250","France","511","Population totale","3010","Population-Estimations","1993","1993","1000 No","57801.266","X","Chiffre de source externe",""
"OA","Séries temporelles annuelles","250","France","551","Population rurale","3010","Population-Estimations","1993","1993","1000 No","14683.288","X","Chiffre de source externe",""
"OA","Séries temporelles annuelles","250","France","561","Population urbaine","3010","Population-Estimations","1993","1993","1000 No","43061.532","X","Chiffre de source externe",""
"OA","Séries temporelles annuelles","250","France","511","Population totale","3010","Population-Estimations","1994","1994","1000 No","57999.866","X","Chiffre de source externe",""
"OA","Séries temporelles annuelles","250","France","551","Population rurale","3010","Population-Estimations","1994","1994","1000 No","14646.915","X","Chiffre de source externe",""
"OA","Séries temporelles annuelles","250","France","561","Population urbaine","3010","Population-Estimations","1994","1994","1000 No","43343.746","X","Chiffre de source externe",""
"OA","Séries temporelles annuelles","250","France","511","Population totale","3010","Population-Estimations","1995","1995","1000 No","58192.203","X","Chiffre de source externe",""
"OA","Séries temporelles annuelles","250","France","551","Population rurale","3010","Population-Estimations","1995","1995","1000 No","14611.473","X","Chiffre de source externe",""
"OA","Séries temporelles annuelles","250","France","561","Population urbaine","3010","Population-Estimations","1995","1995","1000 No","43630.318","X","Chiffre de source externe",""
"OA","Séries temporelles annuelles","250","France","511","Population totale","3010","Population-Estimations","1996","1996","1000 No","58380.642","X","Chiffre de source externe",""
"OA","Séries temporelles annuelles","250","France","551","Population rurale","3010","Population-Estimations","1996","1996","1000 No","14577.173","X","Chiffre de source externe",""
"OA","Séries temporelles annuelles","250","France","561","Population urbaine","3010","Population-Estimations","1996","1996","1000 No","43922.516","X","Chiffre de source externe",""
"OA","Séries temporelles annuelles","250","France","511","Population totale","3010","Population-Estimations","1997","1997","1000 No","58568.66","X","Chiffre de source externe",""
"OA","Séries temporelles annuelles","250","France","551","Population rurale","3010","Population-Estimations","1997","1997","1000 No","14544.158","X","Chiffre de source externe",""
"OA","Séries temporelles annuelles","250","France","561","Population urbaine","3010","Population-Estimations","1997","1997","1000 No","44219.237","X","Chiffre de source externe",""
"OA","Séries temporelles annuelles","250","France","511","Population totale","3010","Population-Estimations","1998","1998","1000 No","58778.816","X","Chiffre de source externe",""
"OA","Séries temporelles annuelles","250","France","551","Population rurale","3010","Population-Estimations","1998","1998","1000 No","14512.494","X","Chiffre de source externe",""
"OA","Séries temporelles annuelles","250","France","561","Population urbaine","3010","Population-Estimations","1998","1998","1000 No","44522.427","X","Chiffre de source externe",""
"OA","Séries temporelles annuelles","250","France","511","Population totale","3010","Population-Estimations","1999","1999","1000 No","59084.21","X","Chiffre de source externe",""
"OA","Séries temporelles annuelles","250","France","551","Population rurale","3010","Population-Estimations","1999","1999","1000 No","14465.046","X","Chiffre de source externe",""
"OA","Séries temporelles annuelles","250","France","561","Population urbaine","3010","Population-Estimations","1999","1999","1000 No","44851.061","X","Chiffre de source externe",""
"OA","Séries temporelles annuelles","250","France","511","Population totale","3010","Population-Estimations","2000","2000","1000 No","59483.716","X","Chiffre de source externe",""
"OA","Séries temporelles annuelles","250","France","551","Population rurale","3010","Population-Estimations","2000","2000","1000 No","14382.604","X","Chiffre de source externe",""
"OA","Séries temporelles annuelles","250","France","561","Population urbaine","3010","Population-Estimations","2000","2000","1000 No","45225.597","X","Chiffre de source externe",""
"OA","Séries temporelles annuelles","250","France","511","Population totale","3010","Population-Estimations","2001","2001","1000 No","59905.128","X","Chiffre de source externe",""
"OA","Séries temporelles annuelles","250","France","551","Population rurale","3010","Population-Estimations","2001","2001","1000 No","14302.809","X","Chiffre de source externe",""
"OA","Séries temporelles annuelles","250","France","561","Population urbaine","3010","Population-Estimations","2001","2001","1000 No","45608.443","X","Chiffre de source externe",""
"OA","Séries temporelles annuelles","250","France","511","Population totale","3010","Population-Estimations","2002","2002","1000 No","60327.248","X","Chiffre de source externe",""
"OA","Séries temporelles annuelles","250","France","551","Population rurale","3010","Population-Estimations","2002","2002","1000 No","14224.922","X","Chiffre de source externe",""
"OA","Séries temporelles annuelles","250","France","561","Population urbaine","3010","Population-Estimations","2002","2002","1000 No","46000.154","X","Chiffre de source externe",""
"OA","Séries temporelles annuelles","250","France","511","Population totale","3010","Population-Estimations","2003","2003","1000 No","60741.126","X","Chiffre de source externe",""
"OA","Séries temporelles annuelles","250","France","551","Population rurale","3010","Population-Estimations","2003","2003","1000 No","14149.19","X","Chiffre de source externe",""
"OA","Séries temporelles annuelles","250","France","561","Population urbaine","3010","Population-Estimations","2003","2003","1000 No","46400.907","X","Chiffre de source externe",""
"OA","Séries temporelles annuelles","250","France","511","Population totale","3010","Population-Estimations","2004","2004","1000 No","61175.247","X","Chiffre de source externe",""
"OA","Séries temporelles annuelles","250","France","551","Population rurale","3010","Population-Estimations","2004","2004","1000 No","14075.407","X","Chiffre de source externe",""
"OA","Séries temporelles annuelles","250","France","561","Population urbaine","3010","Population-Estimations","2004","2004","1000 No","46811.2","X","Chiffre de source externe",""
"OA","Séries temporelles annuelles","250","France","511","Population totale","3010","Population-Estimations","2005","2005","1000 No","61625.032","X","Chiffre de source externe",""
"OA","Séries temporelles annuelles","250","France","551","Population rurale","3010","Population-Estimations","2005","2005","1000 No","14003.975","X","Chiffre de source externe",""
"OA","Séries temporelles annuelles","250","France","561","Population urbaine","3010","Population-Estimations","2005","2005","1000 No","47229.925","X","Chiffre de source externe",""
"OA","Séries temporelles annuelles","250","France","511","Population totale","3010","Population-Estimations","2006","2006","1000 No","62049.838","X","Chiffre de source externe",""
"OA","Séries temporelles annuelles","250","France","551","Population rurale","3010","Population-Estimations","2006","2006","1000 No","13934.413","X","Chiffre de source externe",""
"OA","Séries temporelles annuelles","250","France","561","Population urbaine","3010","Population-Estimations","2006","2006","1000 No","47658.471","X","Chiffre de source externe",""
"OA","Séries temporelles annuelles","250","France","511","Population totale","3010","Population-Estimations","2007","2007","1000 No","62432.439","X","Chiffre de source externe",""
"OA","Séries temporelles annuelles","250","France","551","Population rurale","3010","Population-Estimations","2007","2007","1000 No","13866.281","X","Chiffre de source externe",""
"OA","Séries temporelles annuelles","250","France","561","Population urbaine","3010","Population-Estimations","2007","2007","1000 No","48094.669","X","Chiffre de source externe",""
"OA","Séries temporelles annuelles","250","France","511","Population totale","3010","Population-Estimations","2008","2008","1000 No","62780.19","X","Chiffre de source externe",""
"OA","Séries temporelles annuelles","250","France","551","Population rurale","3010","Population-Estimations","2008","2008","1000 No","13794.705","X","Chiffre de source externe",""
"OA","Séries temporelles annuelles","250","France","561","Population urbaine","3010","Population-Estimations","2008","2008","1000 No","48534.862","X","Chiffre de source externe",""
"OA","Séries temporelles annuelles","250","France","511","Population totale","3010","Population-Estimations","2009","2009","1000 No","63106.463","X","Chiffre de source externe",""
"OA","Séries temporelles annuelles","250","France","551","Population rurale","3010","Population-Estimations","2009","2009","1000 No","13717.697","X","Chiffre de source externe",""
"OA","Séries temporelles annuelles","250","France","561","Population urbaine","3010","Population-Estimations","2009","2009","1000 No","48969.824","X","Chiffre de source externe",""
"OA","Séries temporelles annuelles","250","France","511","Population totale","3010","Population-Estimations","2010","2010","1000 No","63417.363","X","Chiffre de source externe",""
"OA","Séries temporelles annuelles","250","France","551","Population rurale","3010","Population-Estimations","2010","2010","1000 No","13633.442","X","Chiffre de source externe",""
"OA","Séries temporelles annuelles","250","France","561","Population urbaine","3010","Population-Estimations","2010","2010","1000 No","49393.298","X","Chiffre de source externe",""
"OA","Séries temporelles annuelles","250","France","511","Population totale","3010","Population-Estimations","2011","2011","1000 No","63733.777","X","Chiffre de source externe",""
"OA","Séries temporelles annuelles","250","France","551","Population rurale","3010","Population-Estimations","2011","2011","1000 No","13541.366","X","Chiffre de source externe",""
"OA","Séries temporelles annuelles","250","France","561","Population urbaine","3010","Population-Estimations","2011","2011","1000 No","49802.211","X","Chiffre de source externe",""
"OA","Séries temporelles annuelles","250","France","511","Population totale","3010","Population-Estimations","2012","2012","1000 No","64058.465","X","Chiffre de source externe",""
"OA","Séries temporelles annuelles","250","France","551","Population rurale","3010","Population-Estimations","2012","2012","1000 No","13442.096","X","Chiffre de source externe",""
"OA","Séries temporelles annuelles","250","France","561","Population urbaine","3010","Population-Estimations","2012","2012","1000 No","50197.777","X","Chiffre de source externe",""
"OA","Séries temporelles annuelles","250","France","511","Population totale","3010","Population-Estimations","2013","2013","1000 No","64387.734","X","Chiffre de source externe",""
"OA","Séries temporelles annuelles","250","France","551","Population rurale","3010","Population-Estimations","2013","2013","1000 No","13336.757","X","Chiffre de source externe",""
"OA","Séries temporelles annuelles","250","France","561","Population urbaine","3010","Population-Estimations","2013","2013","1000 No","50583.16","X","Chiffre de source externe",""
"OA","Séries temporelles annuelles","250","France","511","Population totale","3010","Population-Estimations","2014","2014","1000 No","64692.493","X","Chiffre de source externe",""
"OA","Séries temporelles annuelles","250","France","551","Population rurale","3010","Population-Estimations","2014","2014","1000 No","13226.977","X","Chiffre de source externe",""
"OA","Séries temporelles annuelles","250","France","561","Population urbaine","3010","Population-Estimations","2014","2014","1000 No","50963.661","X","Chiffre de source externe",""
"OA","Séries temporelles annuelles","250","France","511","Population totale","3010","Population-Estimations","2015","2015","1000 No","64916.336","X","Chiffre de source externe",""
"OA","Séries temporelles annuelles","250","France","551","Population rurale","3010","Population-Estimations","2015","2015","1000 No","13113.96","X","Chiffre de source externe",""
"OA","Séries temporelles annuelles","250","France","561","Population urbaine","3010","Population-Estimations","2015","2015","1000 No","51343.241","X","Chiffre de source externe",""
"OA","Séries temporelles annuelles","250","France","511","Population totale","3010","Population-Estimations","2016","2016","1000 No","65086.856","X","Chiffre de source externe",""
"OA","Séries temporelles annuelles","250","France","551","Population rurale","3010","Population-Estimations","2016","2016","1000 No","12998.038","X","Chiffre de source externe",""
"OA","Séries temporelles annuelles","250","France","561","Population urbaine","3010","Population-Estimations","2016","2016","1000 No","51722.652","X","Chiffre de source externe",""
"OA","Séries temporelles annuelles","250","France","511","Population totale","3010","Population-Estimations","2017","2017","1000 No","65284.776","X","Chiffre de source externe",""
"OA","Séries temporelles annuelles","250","France","551","Population rurale","3010","Population-Estimations","2017","2017","1000 No","12879.012","X","Chiffre de source externe",""
"OA","Séries temporelles annuelles","250","France","561","Population urbaine","3010","Population-Estimations","2017","2017","1000 No","52100.536","X","Chiffre de source externe",""
"OA","Séries temporelles annuelles","250","France","511","Population totale","3010","Population-Estimations","2018","2018","1000 No","65519.543","X","Chiffre de source externe",""
"OA","Séries temporelles annuelles","250","France","551","Population rurale","3010","Population-Estimations","2018","2018","1000 No","12756.906","X","Chiffre de source externe",""
"OA","Séries temporelles annuelles","250","France","561","Population urbaine","3010","Population-Estimations","2018","2018","1000 No","52476.365","X","Chiffre de source externe",""
"OA","Séries temporelles annuelles","250","France","511","Population totale","3010","Population-Estimations","2019","2019","1000 No","65729.459","X","Chiffre de source externe",""
"OA","Séries temporelles annuelles","250","France","551","Population rurale","3010","Population-Estimations","2019","2019","1000 No","12631.632","X","Chiffre de source externe",""
"OA","Séries temporelles annuelles","250","France","561","Population urbaine","3010","Population-Estimations","2019","2019","1000 No","52849.078","X","Chiffre de source externe",""
"OA","Séries temporelles annuelles","250","France","511","Population totale","3010","Population-Estimations","2020","2020","1000 No","65905.277","X","Chiffre de source externe",""
"OA","Séries temporelles annuelles","250","France","551","Population rurale","3010","Population-Estimations","2020","2020","1000 No","12503.199","X","Chiffre de source externe",""
"OA","Séries temporelles annuelles","250","France","561","Population urbaine","3010","Population-Estimations","2020","2020","1000 No","53217.966","X","Chiffre de source externe",""
"OA","Séries temporelles annuelles","250","France","511","Population totale","3010","Population-Estimations","2021","2021","1000 No","66083.548","X","Chiffre de source externe",""
"OA","Séries temporelles annuelles","250","France","551","Population rurale","3010","Population-Estimations","2021","2021","1000 No","12371.78","X","Chiffre de source externe",""
"OA","Séries temporelles annuelles","250","France","561","Population urbaine","3010","Population-Estimations","2021","2021","1000 No","53582.961","X","Chiffre de source externe",""
"OA","Séries temporelles annuelles","250","France","511","Population totale","3010","Population-Estimations","2022","2022","1000 No","66277.409","X","Chiffre de source externe",""
"OA","Séries temporelles annuelles","250","France","551","Population rurale","3010","Population-Estimations","2022","2022","1000 No","12237.703","X","Chiffre de source externe",""
"OA","Séries temporelles annuelles","250","France","561","Population urbaine","3010","Population-Estimations","2022","2022","1000 No","53944.675","X","Chiffre de source externe",""
"OA","Séries temporelles annuelles","250","France","511","Population totale","3010","Population-Estimations","2023","2023","1000 No","66438.822","X","Chiffre de source externe",""
"OA","Séries temporelles annuelles","250","France","551","Population rurale","3010","Population-Estimations","2023","2023","1000 No","12101.328","X","Chiffre de source externe",""
"OA","Séries temporelles annuelles","250","France","561","Population urbaine","3010","Population-Estimations","2023","2023","1000 No","54303.895","X","Chiffre de source externe",""
"OA","Séries temporelles annuelles","356","Inde","511","Population totale","3010","Population-Estimations","1950","1950","1000 No","346278.821","X","Chiffre de source externe",""
"OA","Séries temporelles annuelles","356","Inde","551","Population rurale","3010","Population-Estimations","1950","1950","1000 No","312191.064","X","Chiffre de source externe",""
"OA","Séries temporelles annuelles","356","Inde","561","Population urbaine","3010","Population-Estimations","1950","1950","1000 No","64134.136","X","Chiffre de source externe",""
"OA","Séries temporelles annuelles","356","Inde","511","Population totale","3010","Population-Estimations","1951","1951","1000 No","353870.057","X","Chiffre de source externe",""
"OA","Séries temporelles annuelles","356","Inde","551","Population rurale","3010","Population-Estimations","1951","1951","1000 No","316069.482","X","Chiffre de source externe",""
"OA","Séries temporelles annuelles","356","Inde","561","Population urbaine","3010","Population-Estimations","1951","1951","1000 No","66175.821","X","Chiffre de source externe",""
"OA","Séries temporelles annuelles","356","Inde","511","Population totale","3010","Population-Estimations","1952","1952","1000 No","361874.903","X","Chiffre de source externe",""
"OA","Séries temporelles annuelles","356","Inde","551","Population rurale","3010","Population-Estimations","1952","1952","1000 No","321012.042","X","Chiffre de source externe",""
"OA","Séries temporelles annuelles","356","Inde","561","Population urbaine","3010","Population-Estimations","1952","1952","1000 No","67526.578","X","Chiffre de source externe",""
"OA","Séries temporelles annuelles","356","Inde","511","Population totale","3010","Population-Estimations","1953","1953","1000 No","370104.573","X","Chiffre de source externe",""
"OA","Séries temporelles annuelles","356","Inde","551","Population rurale","3010","Population-Estimations","1953","1953","1000 No","326216.962","X","Chiffre de source externe",""
"OA","Séries temporelles annuelles","356","Inde","561","Population urbaine","3010","Population-Estimations","1953","1953","1000 No","68943.129","X","Chiffre de source externe",""
"OA","Séries temporelles annuelles","356","Inde","511","Population totale","3010","Population-Estimations","1954","1954","1000 No","378687.138","X","Chiffre de source externe",""
"OA","Séries temporelles annuelles","356","Inde","551","Population rurale","3010","Population-Estimations","1954","1954","1000 No","331655.491","X","Chiffre de source externe",""
"OA","Séries temporelles annuelles","356","Inde","561","Population urbaine","3010","Population-Estimations","1954","1954","1000 No","70421.535","X","Chiffre de source externe",""
"OA","Séries temporelles annuelles","356","Inde","511","Population totale","3010","Population-Estimations","1955","1955","1000 No","387700.887","X","Chiffre de source externe",""
"OA","Séries temporelles annuelles","356","Inde","551","Population rurale","3010","Population-Estimations","1955","1955","1000 No","337310.56","X","Chiffre de source externe",""
"OA","Séries temporelles annuelles","356","Inde","561","Population urbaine","3010","Population-Estimations","1955","1955","1000 No","71958.495","X","Chiffre de source externe",""
"OA","Séries temporelles annuelles","356","Inde","511","Population totale","3010","Population-Estimations","1956","1956","1000 No","396988.903","X","Chiffre de source externe",""
"OA","Séries temporelles annuelles","356","Inde","551","Population rurale","3010","Population-Estimations","1956","1956","1000 No","343175.073","X","Chiffre de source externe",""
"OA","Séries temporelles annuelles","356","Inde","561","Population urbaine","3010","Population-Estimations","1956","1956","1000 No","73553.698","X","Chiffre de source externe",""
"OA","Séries temporelles annuelles","356","Inde","511","Population totale","3010","Population-Estimations","1957","1957","1000 No","406253.888","X","Chiffre de source externe",""
"OA","Séries temporelles annuelles","356","Inde","551","Population rurale","3010","Population-Estimations","1957","1957","1000 No","349253.671","X","Chiffre de source externe",""
"OA","Séries temporelles annuelles","356","Inde","561","Population urbaine","3010","Population-Estimations","1957","1957","1000 No","75207.437","X","Chiffre de source externe",""
"OA","Séries temporelles annuelles","356","Inde","511","Population totale","3010","Population-Estimations","1958","1958","1000 No","415777.442","X","Chiffre de source externe",""
"OA","Séries temporelles annuelles","356","Inde","551","Population rurale","3010","Population-Estimations","1958","1958","1000 No","355557.396","X","Chiffre de source externe",""
"OA","Séries temporelles annuelles","356","Inde","561","Population urbaine","3010","Population-Estimations","1958","1958","1000 No","76924.267","X","Chiffre de source externe",""
"OA","Séries temporelles annuelles","356","Inde","511","Population totale","3010","Population-Estimations","1959","1959","1000 No","425780.669","X","Chiffre de source externe",""
"OA","Séries temporelles annuelles","356","Inde","551","Population rurale","3010","Population-Estimations","1959","1959","1000 No","362105.269","X","Chiffre de source externe",""
"OA","Séries temporelles annuelles","356","Inde","561","Population urbaine","3010","Population-Estimations","1959","1959","1000 No","78708.627","X","Chiffre de source externe",""
"OA","Séries temporelles annuelles","356","Inde","511","Population totale","3010","Population-Estimations","1960","1960","1000 No","435990.338","X","Chiffre de source externe",""
"OA","Séries temporelles annuelles","356","Inde","551","Population rurale","3010","Population-Estimations","1960","1960","1000 No","368914.885","X","Chiffre de source externe",""
"OA","Séries temporelles annuelles","356","Inde","561","Population urbaine","3010","Population-Estimations","1960","1960","1000 No","80565.723","X","Chiffre de source externe",""
"OA","Séries temporelles annuelles","356","Inde","511","Population totale","3010","Population-Estimations","1961","1961","1000 No","446564.729","X","Chiffre de source externe",""
"OA","Séries temporelles annuelles","356","Inde","551","Population rurale","3010","Population-Estimations","1961","1961","1000 No","375819.783","X","Chiffre de source externe",""
"OA","Séries temporelles annuelles","356","Inde","561","Population urbaine","3010","Population-Estimations","1961","1961","1000 No","82675.18","X","Chiffre de source externe",""
"OA","Séries temporelles annuelles","356","Inde","511","Population totale","3010","Population-Estimations","1962","1962","1000 No","457283.09","X","Chiffre de source externe",""
"OA","Séries temporelles annuelles","356","Inde","551","Population rurale","3010","Population-Estimations","1962","1962","1000 No","382619.475","X","Chiffre de source externe",""
"OA","Séries temporelles annuelles","356","Inde","561","Population urbaine","3010","Population-Estimations","1962","1962","1000 No","85233.062","X","Chiffre de source externe",""
"OA","Séries temporelles annuelles","356","Inde","511","Population totale","3010","Population-Estimations","1963","1963","1000 No","468138.575","X","Chiffre de source externe",""
"OA","Séries temporelles annuelles","356","Inde","551","Population rurale","3010","Population-Estimations","1963","1963","1000 No","389636.593","X","Chiffre de source externe",""
"OA","Séries temporelles annuelles","356","Inde","561","Population urbaine","3010","Population-Estimations","1963","1963","1000 No","87891.377","X","Chiffre de source externe",""
"OA","Séries temporelles annuelles","356","Inde","511","Population totale","3010","Population-Estimations","1964","1964","1000 No","479229.598","X","Chiffre de source externe",""
"OA","Séries temporelles annuelles","356","Inde","551","Population rurale","3010","Population-Estimations","1964","1964","1000 No","396837.731","X","Chiffre de source externe",""
"OA","Séries temporelles annuelles","356","Inde","561","Population urbaine","3010","Population-Estimations","1964","1964","1000 No","90646.804","X","Chiffre de source externe",""
"OA","Séries temporelles annuelles","356","Inde","511","Population totale","3010","Population-Estimations","1965","1965","1000 No","490140.146","X","Chiffre de source externe",""
"OA","Séries temporelles annuelles","356","Inde","551","Population rurale","3010","Population-Estimations","1965","1965","1000 No","404208.521","X","Chiffre de source externe",""
"OA","Séries temporelles annuelles","356","Inde","561","Population urbaine","3010","Population-Estimations","1965","1965","1000 No","93493.844","X","Chiffre de source externe",""
"OA","Séries temporelles annuelles","356","Inde","511","Population totale","3010","Population-Estimations","1966","1966","1000 No","500740.247","X","Chiffre de source externe",""
"OA","Séries temporelles annuelles","356","Inde","551","Population rurale","3010","Population-Estimations","1966","1966","1000 No","411727.357","X","Chiffre de source externe",""
"OA","Séries temporelles annuelles","356","Inde","561","Population urbaine","3010","Population-Estimations","1966","1966","1000 No","96434.578","X","Chiffre de source externe",""
"OA","Séries temporelles annuelles","356","Inde","511","Population totale","3010","Population-Estimations","1967","1967","1000 No","511606.372","X","Chiffre de source externe",""
"OA","Séries temporelles annuelles","356","Inde","551","Population rurale","3010","Population-Estimations","1967","1967","1000 No","419415.084","X","Chiffre de source externe",""
"OA","Séries temporelles annuelles","356","Inde","561","Population urbaine","3010","Population-Estimations","1967","1967","1000 No","99474.695","X","Chiffre de source externe",""
"OA","Séries temporelles annuelles","356","Inde","511","Population totale","3010","Population-Estimations","1968","1968","1000 No","522716.889","X","Chiffre de source externe",""
"OA","Séries temporelles annuelles","356","Inde","551","Population rurale","3010","Population-Estimations","1968","1968","1000 No","427333.873","X","Chiffre de source externe",""
"OA","Séries temporelles annuelles","356","Inde","561","Population urbaine","3010","Population-Estimations","1968","1968","1000 No","102633.444","X","Chiffre de source externe",""
"OA","Séries temporelles annuelles","356","Inde","511","Population totale","3010","Population-Estimations","1969","1969","1000 No","533880.544","X","Chiffre de source externe",""
"OA","Séries temporelles annuelles","356","Inde","551","Population rurale","3010","Population-Estimations","1969","1969","1000 No","435574.361","X","Chiffre de source externe",""
"OA","Séries temporelles annuelles","356","Inde","561","Population urbaine","3010","Population-Estimations","1969","1969","1000 No","105930.715","X","Chiffre de source externe",""
"OA","Séries temporelles annuelles","356","Inde","511","Population totale","3010","Population-Estimations","1970","1970","1000 No","545864.268","X","Chiffre de source externe",""
"OA","Séries temporelles annuelles","356","Inde","551","Population rurale","3010","Population-Estimations","1970","1970","1000 No","444189.563","X","Chiffre de source externe",""
"OA","Séries temporelles annuelles","356","Inde","561","Population urbaine","3010","Population-Estimations","1970","1970","1000 No","109388.95","X","Chiffre de source externe",""
"OA","Séries temporelles annuelles","356","Inde","511","Population totale","3010","Population-Estimations","1971","1971","1000 No","558096.387","X","Chiffre de source externe",""
"OA","Séries temporelles annuelles","356","Inde","551","Population rurale","3010","Population-Estimations","1971","1971","1000 No","453028.508","X","Chiffre de source externe",""
"OA","Séries temporelles annuelles","356","Inde","561","Population urbaine","3010","Population-Estimations","1971","1971","1000 No","113196.304","X","Chiffre de source externe",""
"OA","Séries temporelles annuelles","356","Inde","511","Population totale","3010","Population-Estimations","1972","1972","1000 No","570482.142","X","Chiffre de source externe",""
"OA","Séries temporelles annuelles","356","Inde","551","Population rurale","3010","Population-Estimations","1972","1972","1000 No","461669.934","X","Chiffre de source externe",""
"OA","Séries temporelles annuelles","356","Inde","561","Population urbaine","3010","Population-Estimations","1972","1972","1000 No","117741.579","X","Chiffre de source externe",""
"OA","Séries temporelles annuelles","356","Inde","511","Population totale","3010","Population-Estimations","1973","1973","1000 No","583465.598","X","Chiffre de source externe",""
"OA","Séries temporelles annuelles","356","Inde","551","Population rurale","3010","Population-Estimations","1973","1973","1000 No","470571.619","X","Chiffre de source externe",""
"OA","Séries temporelles annuelles","356","Inde","561","Population urbaine","3010","Population-Estimations","1973","1973","1000 No","122487.307","X","Chiffre de source externe",""
"OA","Séries temporelles annuelles","356","Inde","511","Population totale","3010","Population-Estimations","1974","1974","1000 No","597041.391","X","Chiffre de source externe",""
"OA","Séries temporelles annuelles","356","Inde","551","Population rurale","3010","Population-Estimations","1974","1974","1000 No","479627.092","X","Chiffre de source externe",""
"OA","Séries temporelles annuelles","356","Inde","561","Population urbaine","3010","Population-Estimations","1974","1974","1000 No","127423.163","X","Chiffre de source externe",""
"OA","Séries temporelles annuelles","356","Inde","511","Population totale","3010","Population-Estimations","1975","1975","1000 No","611309.535","X","Chiffre de source externe",""
"OA","Séries temporelles annuelles","356","Inde","551","Population rurale","3010","Population-Estimations","1975","1975","1000 No","488767.91","X","Chiffre de source externe",""
"OA","Séries temporelles annuelles","356","Inde","561","Population urbaine","3010","Population-Estimations","1975","1975","1000 No","132533.81","X","Chiffre de source externe",""
"OA","Séries temporelles annuelles","356","Inde","511","Population totale","3010","Population-Estimations","1976","1976","1000 No","625861.883","X","Chiffre de source externe",""
"OA","Séries temporelles annuelles","356","Inde","551","Population rurale","3010","Population-Estimations","1976","1976","1000 No","497954.083","X","Chiffre de source externe",""
"OA","Séries temporelles annuelles","356","Inde","561","Population urbaine","3010","Population-Estimations","1976","1976","1000 No","137817.651","X","Chiffre de source externe",""
"OA","Séries temporelles annuelles","356","Inde","511","Population totale","3010","Population-Estimations","1977","1977","1000 No","640801.103","X","Chiffre de source externe",""
"OA","Séries temporelles annuelles","356","Inde","551","Population rurale","3010","Population-Estimations","1977","1977","1000 No","507210.016","X","Chiffre de source externe",""
"OA","Séries temporelles annuelles","356","Inde","561","Population urbaine","3010","Population-Estimations","1977","1977","1000 No","143275.014","X","Chiffre de source externe",""
"OA","Séries temporelles annuelles","356","Inde","511","Population totale","3010","Population-Estimations","1978","1978","1000 No","655728.229","X","Chiffre de source externe",""
"OA","Séries temporelles annuelles","356","Inde","551","Population rurale","3010","Population-Estimations","1978","1978","1000 No","516569.391","X","Chiffre de source externe",""
"OA","Séries temporelles annuelles","356","Inde","561","Population urbaine","3010","Population-Estimations","1978","1978","1000 No","148932.893","X","Chiffre de source externe",""
"OA","Séries temporelles annuelles","356","Inde","511","Population totale","3010","Population-Estimations","1979","1979","1000 No","671155.747","X","Chiffre de source externe",""
"OA","Séries temporelles annuelles","356","Inde","551","Population rurale","3010","Population-Estimations","1979","1979","1000 No","526101.573","X","Chiffre de source externe",""
"OA","Séries temporelles annuelles","356","Inde","561","Population urbaine","3010","Population-Estimations","1979","1979","1000 No","154814.231","X","Chiffre de source externe",""
"OA","Séries temporelles annuelles","356","Inde","511","Population totale","3010","Population-Estimations","1980","1980","1000 No","687354.025","X","Chiffre de source externe",""
"OA","Séries temporelles annuelles","356","Inde","551","Population rurale","3010","Population-Estimations","1980","1980","1000 No","535841.576","X","Chiffre de source externe",""
"OA","Séries temporelles annuelles","356","Inde","561","Population urbaine","3010","Population-Estimations","1980","1980","1000 No","160941.941","X","Chiffre de source externe",""
"OA","Séries temporelles annuelles","356","Inde","511","Population totale","3010","Population-Estimations","1981","1981","1000 No","703696.25","X","Chiffre de source externe",""
"OA","Séries temporelles annuelles","356","Inde","551","Population rurale","3010","Population-Estimations","1981","1981","1000 No","546129.275","X","Chiffre de source externe",""
"OA","Séries temporelles annuelles","356","Inde","561","Population urbaine","3010","Population-Estimations","1981","1981","1000 No","166988.757","X","Chiffre de source externe",""
"OA","Séries temporelles annuelles","356","Inde","511","Population totale","3010","Population-Estimations","1982","1982","1000 No","720313.473","X","Chiffre de source externe",""
"OA","Séries temporelles annuelles","356","Inde","551","Population rurale","3010","Population-Estimations","1982","1982","1000 No","557274.365","X","Chiffre de source externe",""
"OA","Séries temporelles annuelles","356","Inde","561","Population urbaine","3010","Population-Estimations","1982","1982","1000 No","172593.648","X","Chiffre de source externe",""
"OA","Séries temporelles annuelles","356","Inde","511","Population totale","3010","Population-Estimations","1983","1983","1000 No","737372.681","X","Chiffre de source externe",""
"OA","Séries temporelles annuelles","356","Inde","551","Population rurale","3010","Population-Estimations","1983","1983","1000 No","568582.58","X","Chiffre de source externe",""
"OA","Séries temporelles annuelles","356","Inde","561","Population urbaine","3010","Population-Estimations","1983","1983","1000 No","178366.487","X","Chiffre de source externe",""
"OA","Séries temporelles annuelles","356","Inde","511","Population totale","3010","Population-Estimations","1984","1984","1000 No","754875.449","X","Chiffre de source externe",""
"OA","Séries temporelles annuelles","356","Inde","551","Population rurale","3010","Population-Estimations","1984","1984","1000 No","579960.348","X","Chiffre de source externe",""
"OA","Séries temporelles annuelles","356","Inde","561","Population urbaine","3010","Population-Estimations","1984","1984","1000 No","184284.854","X","Chiffre de source externe",""
"OA","Séries temporelles annuelles","356","Inde","511","Population totale","3010","Population-Estimations","1985","1985","1000 No","772647.793","X","Chiffre de source externe",""
"OA","Séries temporelles annuelles","356","Inde","551","Population rurale","3010","Population-Estimations","1985","1985","1000 No","591344.889","X","Chiffre de source externe",""
"OA","Séries temporelles annuelles","356","Inde","561","Population urbaine","3010","Population-Estimations","1985","1985","1000 No","190321.782","X","Chiffre de source externe",""
"OA","Séries temporelles annuelles","356","Inde","511","Population totale","3010","Population-Estimations","1986","1986","1000 No","790689.978","X","Chiffre de source externe",""
"OA","Séries temporelles annuelles","356","Inde","551","Population rurale","3010","Population-Estimations","1986","1986","1000 No","602702.974","X","Chiffre de source externe",""
"OA","Séries temporelles annuelles","356","Inde","561","Population urbaine","3010","Population-Estimations","1986","1986","1000 No","196478.462","X","Chiffre de source externe",""
"OA","Séries temporelles annuelles","356","Inde","511","Population totale","3010","Population-Estimations","1987","1987","1000 No","808931.27","X","Chiffre de source externe",""
"OA","Séries temporelles annuelles","356","Inde","551","Population rurale","3010","Population-Estimations","1987","1987","1000 No","614038.065","X","Chiffre de source externe",""
"OA","Séries temporelles annuelles","356","Inde","561","Population urbaine","3010","Population-Estimations","1987","1987","1000 No","202754.676","X","Chiffre de source externe",""
"OA","Séries temporelles annuelles","356","Inde","511","Population totale","3010","Population-Estimations","1988","1988","1000 No","827342.99","X","Chiffre de source externe",""
"OA","Séries temporelles annuelles","356","Inde","551","Population rurale","3010","Population-Estimations","1988","1988","1000 No","625337.487","X","Chiffre de source externe",""
"OA","Séries temporelles annuelles","356","Inde","561","Population urbaine","3010","Population-Estimations","1988","1988","1000 No","209151.835","X","Chiffre de source externe",""
"OA","Séries temporelles annuelles","356","Inde","511","Population totale","3010","Population-Estimations","1989","1989","1000 No","846039.529","X","Chiffre de source externe",""
"OA","Séries temporelles annuelles","356","Inde","551","Population rurale","3010","Population-Estimations","1989","1989","1000 No","636607.29","X","Chiffre de source externe",""
"OA","Séries temporelles annuelles","356","Inde","561","Population urbaine","3010","Population-Estimations","1989","1989","1000 No","215662.744","X","Chiffre de source externe",""
"OA","Séries temporelles annuelles","356","Inde","511","Population totale","3010","Population-Estimations","1990","1990","1000 No","864972.221","X","Chiffre de source externe",""
"OA","Séries temporelles annuelles","356","Inde","551","Population rurale","3010","Population-Estimations","1990","1990","1000 No","647836.752","X","Chiffre de source externe",""
"OA","Séries temporelles annuelles","356","Inde","561","Population urbaine","3010","Population-Estimations","1990","1990","1000 No","222296.728","X","Chiffre de source externe",""
"OA","Séries temporelles annuelles","356","Inde","511","Population totale","3010","Population-Estimations","1991","1991","1000 No","883927.6","X","Chiffre de source externe",""
"OA","Séries temporelles annuelles","356","Inde","551","Population rurale","3010","Population-Estimations","1991","1991","1000 No","659127.729","X","Chiffre de source externe",""
"OA","Séries temporelles annuelles","356","Inde","561","Population urbaine","3010","Population-Estimations","1991","1991","1000 No","228927.146","X","Chiffre de source externe",""
"OA","Séries temporelles annuelles","356","Inde","511","Population totale","3010","Population-Estimations","1992","1992","1000 No","902957.07","X","Chiffre de source externe",""
"OA","Séries temporelles annuelles","356","Inde","551","Population rurale","3010","Population-Estimations","1992","1992","1000 No","670596.991","X","Chiffre de source externe",""
"OA","Séries temporelles annuelles","356","Inde","561","Population urbaine","3010","Population-Estimations","1992","1992","1000 No","235424.115","X","Chiffre de source externe",""
"OA","Séries temporelles annuelles","356","Inde","511","Population totale","3010","Population-Estimations","1993","1993","1000 No","922118.387","X","Chiffre de source externe",""
"OA","Séries temporelles annuelles","356","Inde","551","Population rurale","3010","Population-Estimations","1993","1993","1000 No","682039.727","X","Chiffre de source externe",""
"OA","Séries temporelles annuelles","356","Inde","561","Population urbaine","3010","Population-Estimations","1993","1993","1000 No","242018.09","X","Chiffre de source externe",""
"OA","Séries temporelles annuelles","356","Inde","511","Population totale","3010","Population-Estimations","1994","1994","1000 No","941163.767","X","Chiffre de source externe",""
"OA","Séries temporelles annuelles","356","Inde","551","Population rurale","3010","Population-Estimations","1994","1994","1000 No","693476.126","X","Chiffre de source externe",""
"OA","Séries temporelles annuelles","356","Inde","561","Population urbaine","3010","Population-Estimations","1994","1994","1000 No","248728.123","X","Chiffre de source externe",""
"OA","Séries temporelles annuelles","356","Inde","511","Population totale","3010","Population-Estimations","1995","1995","1000 No","960301.044","X","Chiffre de source externe",""
"OA","Séries temporelles annuelles","356","Inde","551","Population rurale","3010","Population-Estimations","1995","1995","1000 No","704923.971","X","Chiffre de source externe",""
"OA","Séries temporelles annuelles","356","Inde","561","Population urbaine","3010","Population-Estimations","1995","1995","1000 No","255558.824","X","Chiffre de source externe",""
"OA","Séries temporelles annuelles","356","Inde","511","Population totale","3010","Population-Estimations","1996","1996","1000 No","979678.458","X","Chiffre de source externe",""
"OA","Séries temporelles annuelles","356","Inde","551","Population rurale","3010","Population-Estimations","1996","1996","1000 No","716378.887","X","Chiffre de source externe",""
"OA","Séries temporelles annuelles","356","Inde","561","Population urbaine","3010","Population-Estimations","1996","1996","1000 No","262514.33","X","Chiffre de source externe",""
"OA","Séries temporelles annuelles","356","Inde","511","Population totale","3010","Population-Estimations","1997","1997","1000 No","999133.762","X","Chiffre de source externe",""
"OA","Séries temporelles annuelles","356","Inde","551","Population rurale","3010","Population-Estimations","1997","1997","1000 No","727825.98","X","Chiffre de source externe",""
"OA","Séries temporelles annuelles","356","Inde","561","Population urbaine","3010","Population-Estimations","1997","1997","1000 No","269579.338","X","Chiffre de source externe",""
"OA","Séries temporelles annuelles","356","Inde","511","Population totale","3010","Population-Estimations","1998","1998","1000 No","1018665.08","X","Chiffre de source externe",""
"OA","Séries temporelles annuelles","356","Inde","551","Population rurale","3010","Population-Estimations","1998","1998","1000 No","739222.779","X","Chiffre de source externe",""
"OA","Séries temporelles annuelles","356","Inde","561","Population urbaine","3010","Population-Estimations","1998","1998","1000 No","276751.263","X","Chiffre de source externe",""
"OA","Séries temporelles annuelles","356","Inde","511","Population totale","3010","Population-Estimations","1999","1999","1000 No","1038225.823","X","Chiffre de source externe",""
"OA","Séries temporelles annuelles","356","Inde","551","Population rurale","3010","Population-Estimations","1999","1999","1000 No","750527.571","X","Chiffre de source externe",""
"OA","Séries temporelles annuelles","356","Inde","561","Population urbaine","3010","Population-Estimations","1999","1999","1000 No","284011.643","X","Chiffre de source externe",""
"OA","Séries temporelles annuelles","356","Inde","511","Population totale","3010","Population-Estimations","2000","2000","1000 No","1057922.733","X","Chiffre de source externe",""
"OA","Séries temporelles annuelles","356","Inde","551","Population rurale","3010","Population-Estimations","2000","2000","1000 No","761700.63","X","Chiffre de source externe",""
"OA","Séries temporelles annuelles","356","Inde","561","Population urbaine","3010","Population-Estimations","2000","2000","1000 No","291350.282","X","Chiffre de source externe",""
"OA","Séries temporelles annuelles","356","Inde","511","Population totale","3010","Population-Estimations","2001","2001","1000 No","1077898.575","X","Chiffre de source externe",""
"OA","Séries temporelles annuelles","356","Inde","551","Population rurale","3010","Population-Estimations","2001","2001","1000 No","772339.048","X","Chiffre de source externe",""
"OA","Séries temporelles annuelles","356","Inde","561","Population urbaine","3010","Population-Estimations","2001","2001","1000 No","299138.807","X","Chiffre de source externe",""
"OA","Séries temporelles annuelles","356","Inde","511","Population totale","3010","Population-Estimations","2002","2002","1000 No","1097600.38","X","Chiffre de source externe",""
"OA","Séries temporelles annuelles","356","Inde","551","Population rurale","3010","Population-Estimations","2002","2002","1000 No","782001.968","X","Chiffre de source externe",""
"OA","Séries temporelles annuelles","356","Inde","561","Population urbaine","3010","Population-Estimations","2002","2002","1000 No","307805.144","X","Chiffre de source externe",""
"OA","Séries temporelles annuelles","356","Inde","511","Population totale","3010","Population-Estimations","2003","2003","1000 No","1116803.006","X","Chiffre de source externe",""
"OA","Séries temporelles annuelles","356","Inde","551","Population rurale","3010","Population-Estimations","2003","2003","1000 No","791442.579","X","Chiffre de source externe",""
"OA","Séries temporelles annuelles","356","Inde","561","Population urbaine","3010","Population-Estimations","2003","2003","1000 No","316585.269","X","Chiffre de source externe",""
"OA","Séries temporelles annuelles","356","Inde","511","Population totale","3010","Population-Estimations","2004","2004","1000 No","1135991.513","X","Chiffre de source externe",""
"OA","Séries temporelles annuelles","356","Inde","551","Population rurale","3010","Population-Estimations","2004","2004","1000 No","800652.72","X","Chiffre de source externe",""
"OA","Séries temporelles annuelles","356","Inde","561","Population urbaine","3010","Population-Estimations","2004","2004","1000 No","325483.057","X","Chiffre de source externe",""
"OA","Séries temporelles annuelles","356","Inde","511","Population totale","3010","Population-Estimations","2005","2005","1000 No","1154676.322","X","Chiffre de source externe",""
"OA","Séries temporelles annuelles","356","Inde","551","Population rurale","3010","Population-Estimations","2005","2005","1000 No","809639.268","X","Chiffre de source externe",""
"OA","Séries temporelles annuelles","356","Inde","561","Population urbaine","3010","Population-Estimations","2005","2005","1000 No","334479.406","X","Chiffre de source externe",""
"OA","Séries temporelles annuelles","356","Inde","511","Population totale","3010","Population-Estimations","2006","2006","1000 No","1172878.89","X","Chiffre de source externe",""
"OA","Séries temporelles annuelles","356","Inde","551","Population rurale","3010","Population-Estimations","2006","2006","1000 No","818387.902","X","Chiffre de source externe",""
"OA","Séries temporelles annuelles","356","Inde","561","Population urbaine","3010","Population-Estimations","2006","2006","1000 No","343589.817","X","Chiffre de source externe",""
"OA","Séries temporelles annuelles","356","Inde","511","Population totale","3010","Population-Estimations","2007","2007","1000 No","1190676.021","X","Chiffre de source externe",""
"OA","Séries temporelles annuelles","356","Inde","551","Population rurale","3010","Population-Estimations","2007","2007","1000 No","826881.86","X","Chiffre de source externe",""
"OA","Séries temporelles annuelles","356","Inde","561","Population urbaine","3010","Population-Estimations","2007","2007","1000 No","352799.379","X","Chiffre de source externe",""
"OA","Séries temporelles annuelles","356","Inde","511","Population totale","3010","Population-Estimations","2008","2008","1000 No","1207930.964","X","Chiffre de source externe",""
"OA","Séries temporelles annuelles","356","Inde","551","Population rurale","3010","Population-Estimations","2008","2008","1000 No","835058.767","X","Chiffre de source externe",""
"OA","Séries temporelles annuelles","356","Inde","561","Population urbaine","3010","Population-Estimations","2008","2008","1000 No","362088.139","X","Chiffre de source externe",""
"OA","Séries temporelles annuelles","356","Inde","511","Population totale","3010","Population-Estimations","2009","2009","1000 No","1225524.753","X","Chiffre de source externe",""
"OA","Séries temporelles annuelles","356","Inde","551","Population rurale","3010","Population-Estimations","2009","2009","1000 No","842864.409","X","Chiffre de source externe",""
"OA","Séries temporelles annuelles","356","Inde","561","Population urbaine","3010","Population-Estimations","2009","2009","1000 No","371405.723","X","Chiffre de source externe",""
"OA","Séries temporelles annuelles","356","Inde","511","Population totale","3010","Population-Estimations","2010","2010","1000 No","1243481.564","X","Chiffre de source externe",""
"OA","Séries temporelles annuelles","356","Inde","551","Population rurale","3010","Population-Estimations","2010","2010","1000 No","850236.137","X","Chiffre de source externe",""
"OA","Séries temporelles annuelles","356","Inde","561","Population urbaine","3010","Population-Estimations","2010","2010","1000 No","380744.554","X","Chiffre de source externe",""
"OA","Séries temporelles annuelles","356","Inde","511","Population totale","3010","Population-Estimations","2011","2011","1000 No","1261224.954","X","Chiffre de source externe",""
"OA","Séries temporelles annuelles","356","Inde","551","Population rurale","3010","Population-Estimations","2011","2011","1000 No","857153.804","X","Chiffre de source externe",""
"OA","Séries temporelles annuelles","356","Inde","561","Population urbaine","3010","Population-Estimations","2011","2011","1000 No","390082.225","X","Chiffre de source externe",""
"OA","Séries temporelles annuelles","356","Inde","511","Population totale","3010","Population-Estimations","2012","2012","1000 No","1278674.502","X","Chiffre de source externe",""
"OA","Séries temporelles annuelles","356","Inde","551","Population rurale","3010","Population-Estimations","2012","2012","1000 No","863513.505","X","Chiffre de source externe",""
"OA","Séries temporelles annuelles","356","Inde","561","Population urbaine","3010","Population-Estimations","2012","2012","1000 No","399552.347","X","Chiffre de source externe",""
"OA","Séries temporelles annuelles","356","Inde","511","Population totale","3010","Population-Estimations","2013","2013","1000 No","1295829.511","X","Chiffre de source externe",""
"OA","Séries temporelles annuelles","356","Inde","551","Population rurale","3010","Population-Estimations","2013","2013","1000 No","869387.533","X","Chiffre de source externe",""
"OA","Séries temporelles annuelles","356","Inde","561","Population urbaine","3010","Population-Estimations","2013","2013","1000 No","409174.674","X","Chiffre de source externe",""
"OA","Séries temporelles annuelles","356","Inde","511","Population totale","3010","Population-Estimations","2014","2014","1000 No","1312277.191","X","Chiffre de source externe",""
"OA","Séries temporelles annuelles","356","Inde","551","Population rurale","3010","Population-Estimations","2014","2014","1000 No","874857.621","X","Chiffre de source externe",""
"OA","Séries temporelles annuelles","356","Inde","561","Population urbaine","3010","Population-Estimations","2014","2014","1000 No","419001.673","X","Chiffre de source externe",""
"OA","Séries temporelles annuelles","356","Inde","511","Population totale","3010","Population-Estimations","2015","2015","1000 No","1328024.498","X","Chiffre de source externe",""
"OA","Séries temporelles annuelles","356","Inde","551","Population rurale","3010","Population-Estimations","2015","2015","1000 No","879984.521","X","Chiffre de source externe",""
"OA","Séries temporelles annuelles","356","Inde","561","Population urbaine","3010","Population-Estimations","2015","2015","1000 No","429069.459","X","Chiffre de source externe",""
"OA","Séries temporelles annuelles","356","Inde","511","Population totale","3010","Population-Estimations","2016","2016","1000 No","1343944.296","X","Chiffre de source externe",""
"OA","Séries temporelles annuelles","356","Inde","551","Population rurale","3010","Population-Estimations","2016","2016","1000 No","884779.655","X","Chiffre de source externe",""
"OA","Séries temporelles annuelles","356","Inde","561","Population urbaine","3010","Population-Estimations","2016","2016","1000 No","439391.699","X","Chiffre de source externe",""
"OA","Séries temporelles annuelles","356","Inde","511","Population totale","3010","Population-Estimations","2017","2017","1000 No","1359657.4","X","Chiffre de source externe",""
"OA","Séries temporelles annuelles","356","Inde","551","Population rurale","3010","Population-Estimations","2017","2017","1000 No","889216.746","X","Chiffre de source externe",""
"OA","Séries temporelles annuelles","356","Inde","561","Population urbaine","3010","Population-Estimations","2017","2017","1000 No","449963.381","X","Chiffre de source externe",""
"OA","Séries temporelles annuelles","356","Inde","511","Population totale","3010","Population-Estimations","2018","2018","1000 No","1374659.064","X","Chiffre de source externe",""
"OA","Séries temporelles annuelles","356","Inde","551","Population rurale","3010","Population-Estimations","2018","2018","1000 No","893272.09","X","Chiffre de source externe",""
"OA","Séries temporelles annuelles","356","Inde","561","Population urbaine","3010","Population-Estimations","2018","2018","1000 No","460779.764","X","Chiffre de source externe",""
"OA","Séries temporelles annuelles","356","Inde","511","Population totale","3010","Population-Estimations","2019","2019","1000 No","1389030.312","X","Chiffre de source externe",""
"OA","Séries temporelles annuelles","356","Inde","551","Population rurale","3010","Population-Estimations","2019","2019","1000 No","896909.218","X","Chiffre de source externe",""
"OA","Séries temporelles annuelles","356","Inde","561","Population urbaine","3010","Population-Estimations","2019","2019","1000 No","471828.295","X","Chiffre de source externe",""
"OA","Séries temporelles annuelles","356","Inde","511","Population totale","3010","Population-Estimations","2020","2020","1000 No","1402617.695","X","Chiffre de source externe",""
"OA","Séries temporelles annuelles","356","Inde","551","Population rurale","3010","Population-Estimations","2020","2020","1000 No","900099.113","X","Chiffre de source externe",""
"OA","Séries temporelles annuelles","356","Inde","561","Population urbaine","3010","Population-Estimations","2020","2020","1000 No","483098.64","X","Chiffre de source externe",""
"OA","Séries temporelles annuelles","356","Inde","511","Population totale","3010","Population-Estimations","2021","2021","1000 No","1414203.896","X","Chiffre de source externe",""
"OA","Séries temporelles annuelles","356","Inde","551","Population rurale","3010","Population-Estimations","2021","2021","1000 No","902833.076","X","Chiffre de source externe",""
"OA","Séries temporelles annuelles","356","Inde","561","Population urbaine","3010","Population-Estimations","2021","2021","1000 No","494589.933","X","Chiffre de source externe",""
"OA","Séries temporelles annuelles","356","Inde","511","Population totale","3010","Population-Estimations","2022","2022","1000 No","1425423.212","X","Chiffre de source externe",""
"OA","Séries temporelles annuelles","356","Inde","551","Population rurale","3010","Population-Estimations","2022","2022","1000 No","905110.427","X","Chiffre de source externe",""
"OA","Séries temporelles annuelles","356","Inde","561","Population urbaine","3010","Population-Estimations","2022","2022","1000 No","506304.869","X","Chiffre de source externe",""
"OA","Séries temporelles annuelles","356","Inde","511","Population totale","3010","Population-Estimations","2023","2023","1000 No","1438069.596","X","Chiffre de source externe",""
"OA","Séries temporelles annuelles","356","Inde","551","Population rurale","3010","Population-Estimations","2023","2023","1000 No","906919.359","X","Chiffre de source externe",""
"OA","Séries temporelles annuelles","356","Inde","561","Population urbaine","3010","Population-Estimations","2023","2023","1000 No","518239.122","X","Chiffre de source externe",""
